{"initial_reset_timestamp": 1579485680.4314218, "timestamps": [1579485702.294592, 1579485742.0299556, 1579485751.763861, 1579485755.6305614, 1579485763.5643637, 1579485781.4985967, 1579485783.9655375], "episode_lengths": [415, 773, 559, 226, 463, 1039, 142], "episode_rewards": [110.95553314359861, 252.0598060720509, 170.2601140721656, 53.64586357977177, 121.36332027594503, 316.5017728183261, 20.69673840964957], "episode_types": ["t", "t", "t", "t", "t", "t", "t", "t"]}