{"initial_reset_timestamp": 1549300219.2051528, "timestamps": [1549300226.6861258], "episode_lengths": [913], "episode_rewards": [290.0], "episode_types": ["t"]}