{"initial_reset_timestamp": 1547525674.749937, "timestamps": [1547525678.2376192, 1547525679.9243321, 1547525681.2916894, 1547525682.6026812, 1547525683.9535646], "episode_lengths": [796, 796, 796, 796, 796], "episode_rewards": [187.0, 187.0, 187.0, 187.0, 187.0], "episode_types": ["t", "t", "t", "t", "t"]}