{"initial_reset_timestamp": 1547922565.606517, "timestamps": [1547922574.5646586, 1547922583.2291236, 1547922591.1683908, 1547922599.047494, 1547922606.9313269], "episode_lengths": [4128, 4128, 4128, 4128, 4128], "episode_rewards": [-3.0, -3.0, -3.0, -3.0, -3.0], "episode_types": ["t", "t", "t", "t", "t"]}